type,tp,tn,fp,fn,precision,recall,fscore
phoneWithName,204,640,0,20,1.0,0.9107142857142857,0.9532710280373832
phoneComplete,216,640,0,8,1.0,0.9642857142857143,0.9818181818181818
cityComplete,170,640,0,54,1.0,0.7589285714285714,0.8629441624365483
phoneAndCityWithName,216,608,32,8,0.8709677419354839,0.9642857142857143,0.9152542372881356
withoutHouseNumber,224,638,2,0,0.9911504424778761,1.0,0.9955555555555555
everything,224,640,0,0,1.0,1.0,1.0