algorithm,tp,tn,fp,fn,precision,recall,fscore
jaccard,182,682,0,42,1.0,0.8125,0.896551724137931
overlap,208,637,19,16,0.9162995594713657,0.9285714285714286,0.9223946784922396
tanimoto,176,688,0,48,1.0,0.7857142857142857,0.88
tversky,182,682,0,42,1.0,0.8125,0.896551724137931
monge_elkan,176,688,0,48,1.0,0.7857142857142857,0.88