algorithm,tp,tn,fp,fn,precision,recall,fscore
jaccard,210,654,0,14,1.0,0.9375,0.967741935483871
overlap,208,637,19,16,0.9162995594713657,0.9285714285714286,0.9223946784922396
tanimoto,176,688,0,48,1.0,0.7857142857142857,0.88
tversky,210,654,0,14,1.0,0.9375,0.967741935483871
monge_elkan,204,660,0,20,1.0,0.9107142857142857,0.9532710280373832